Date,Open,High,Low,Close
2023-11-20,,,,
2023-11-17,446.9313,446.9313,446.9313,446.9313
2023-11-16,446.0444,446.0444,446.0444,446.0444
2023-11-15,444.3006,444.3006,444.3006,444.3006
2023-11-14,444.4007,444.4007,444.4007,444.4007
2023-11-13,438.6501,438.6501,438.6501,438.6501
2023-11-10,438.4627,438.4627,438.4627,438.4627
2023-11-09,439.639,439.639,439.639,439.639
2023-11-08,441.1429,441.1429,441.1429,441.1429
2023-11-07,439.8622,439.8622,439.8622,439.8622
2023-11-06,439.5807,439.5807,439.5807,439.5807
2023-11-03,440.3894,440.3894,440.3894,440.3894
2023-11-02,436.1851,436.1851,436.1851,436.1851
2023-11-01,432.8777,432.8777,432.8777,432.8777
2023-10-31,430.8629,430.8629,430.8629,430.8629
2023-10-30,432.3659,432.3659,432.3659,432.3659
2023-10-27,432.0305,432.0305,432.0305,432.0305
2023-10-26,431.0337,431.0337,431.0337,431.0337
2023-10-25,430.3339,430.3339,430.3339,430.3339
2023-10-24,432.3472,432.3472,432.3472,432.3472
2023-10-23,431.5238,431.5238,431.5238,431.5238
2023-10-20,430.2052,430.2052,430.2052,430.2052
2023-10-19,429.0545,429.0545,429.0545,429.0545
2023-10-18,430.0635,430.0635,430.0635,430.0635
2023-10-17,432.0602,432.0602,432.0602,432.0602
2023-10-16,433.91,433.91,433.91,433.91
2023-10-13,434.5876,434.5876,434.5876,434.5876
2023-10-12,434.2889,434.2889,434.2889,434.2889
2023-10-11,437.4015,437.4015,437.4015,437.4015
2023-10-10,435.5605,435.5605,435.5605,435.5605
2023-10-09,432.9084,432.9084,432.9084,432.9084
2023-10-06,431.6016,431.6016,431.6016,431.6016
2023-10-05,432.6223,432.6223,432.6223,432.6223
2023-10-04,431.4656,431.4656,431.4656,431.4656
2023-10-03,430.4291,430.4291,430.4291,430.4291
2023-10-02,432.6728,432.6728,432.6728,432.6728
2023-09-29,436.0752,436.0752,436.0752,436.0752
2023-09-28,434.7936,434.7936,434.7936,434.7936
2023-09-27,434.6512,434.6512,434.6512,434.6512
2023-09-26,436.6856,436.6856,436.6856,436.6856
2023-09-25,437.104,437.104,437.104,437.104
2023-09-22,440.1722,440.1722,440.1722,440.1722
2023-09-21,439.637,439.637,439.637,439.637
2023-09-20,442.2123,442.2123,442.2123,442.2123
2023-09-19,441.7061,441.7061,441.7061,441.7061
2023-09-18,442.1982,442.1982,442.1982,442.1982
2023-09-15,442.3454,442.3454,442.3454,442.3454
2023-09-14,443.7353,443.7353,443.7353,443.7353
2023-09-13,443.939,443.939,443.939,443.939
2023-09-12,443.3792,443.3792,443.3792,443.3792
2023-09-11,443.7947,443.7947,443.7947,443.7947
2023-09-08,443.5874,443.5874,443.5874,443.5874
2023-09-07,443.21,443.21,443.21,443.21
2023-09-06,442.4954,442.4954,442.4954,442.4954
2023-09-05,443.3063,443.3063,443.3063,443.3063
2023-09-04,446.376,446.376,446.376,446.376
2023-09-01,447.329,447.329,447.329,447.329
2023-08-31,449.1976,449.1976,449.1976,449.1976
2023-08-30,448.9802,448.9802,448.9802,448.9802
2023-08-29,447.6674,447.6674,447.6674,447.6674
2023-08-28,445.5596,445.5596,445.5596,445.5596
2023-08-25,444.7706,444.7706,444.7706,444.7706
2023-08-24,446.4407,446.4407,446.4407,446.4407
2023-08-23,447.0306,447.0306,447.0306,447.0306
2023-08-22,443.7536,443.7536,443.7536,443.7536
2023-08-21,443.232,443.232,443.232,443.232
2023-08-18,445.142,445.142,445.142,445.142
2023-08-17,444.0502,444.0502,444.0502,444.0502
2023-08-16,445.2864,445.2864,445.2864,445.2864
2023-08-15,446.3238,446.3238,446.3238,446.3238
2023-08-14,446.7847,446.7847,446.7847,446.7847
2023-08-11,448.6041,448.6041,448.6041,448.6041
2023-08-10,450.9514,450.9514,450.9514,450.9514
2023-08-09,452.303,452.303,452.303,452.303
2023-08-08,451.7241,451.7241,451.7241,451.7241
2023-08-07,451.2729,451.2729,451.2729,451.2729
2023-08-04,452.043,452.043,452.043,452.043
2023-08-03,448.9838,448.9838,448.9838,448.9838
2023-08-02,450.6052,450.6052,450.6052,450.6052
2023-08-01,452.2446,452.2446,452.2446,452.2446
2023-07-31,455.4279,455.4279,455.4279,455.4279
2023-07-28,455.8217,455.8217,455.8217,455.8217
2023-07-27,454.9427,454.9427,454.9427,454.9427
2023-07-26,457.5268,457.5268,457.5268,457.5268
2023-07-25,456.6971,456.6971,456.6971,456.6971
2023-07-24,457.096,457.096,457.096,457.096
2023-07-21,457.1026,457.1026,457.1026,457.1026
2023-07-20,457.8241,457.8241,457.8241,457.8241
2023-07-19,460.0354,460.0354,460.0354,460.0354
2023-07-18,460.6894,460.6894,460.6894,460.6894
2023-07-17,459.248,459.248,459.248,459.248
2023-07-14,459.5543,459.5543,459.5543,459.5543
2023-07-13,460.0063,460.0063,460.0063,460.0063
2023-07-12,456.564,456.564,456.564,456.564
2023-07-11,451.502,451.502,451.502,451.502
2023-07-10,450.1749,450.1749,450.1749,450.1749
2023-07-07,449.3207,449.3207,449.3207,449.3207
2023-07-06,447.7974,447.7974,447.7974,447.7974
2023-07-05,450.6529,450.6529,450.6529,450.6529
2023-07-04,452.0828,452.0828,452.0828,452.0828
2023-07-03,451.8584,451.8584,451.8584,451.8584
2023-06-30,452.2958,452.2958,452.2958,452.2958
2023-06-29,451.3634,451.3634,451.3634,451.3634
2023-06-28,453.6351,453.6351,453.6351,453.6351
2023-06-27,454.1024,454.1024,454.1024,454.1024
2023-06-26,454.5694,454.5694,454.5694,454.5694
2023-06-23,453.5329,453.5329,453.5329,453.5329
2023-06-22,453.2255,453.2255,453.2255,453.2255
2023-06-21,454.8334,454.8334,454.8334,454.8334
2023-06-20,454.6691,454.6691,454.6691,454.6691
2023-06-19,453.7284,453.7284,453.7284,453.7284
2023-06-16,454.6965,454.6965,454.6965,454.6965
2023-06-15,454.5754,454.5754,454.5754,454.5754
2023-06-14,453.4055,453.4055,453.4055,453.4055
2023-06-13,452.5379,452.5379,452.5379,452.5379
2023-06-12,453.0249,453.0249,453.0249,453.0249
2023-06-09,453.0751,453.0751,453.0751,453.0751
2023-06-08,453.0117,453.0117,453.0117,453.0117
2023-06-07,451.1545,451.1545,451.1545,451.1545
2023-06-06,452.2325,452.2325,452.2325,452.2325
2023-06-05,452.1554,452.1554,452.1554,452.1554
2023-06-02,453.1773,453.1773,453.1773,453.1773
2023-06-01,454.3344,454.3344,454.3344,454.3344
2023-05-31,452.3312,452.3312,452.3312,452.3312
2023-05-30,451.6693,451.6693,451.6693,451.6693
2023-05-29,448.7824,448.7824,448.7824,448.7824
2023-05-26,448.0348,448.0348,448.0348,448.0348
2023-05-25,448.8317,448.8317,448.8317,448.8317
2023-05-24,451.2457,451.2457,451.2457,451.2457
2023-05-23,452.3192,452.3192,452.3192,452.3192
2023-05-22,452.8474,452.8474,452.8474,452.8474
2023-05-19,452.9825,452.9825,452.9825,452.9825
2023-05-18,453.1027,453.1027,453.1027,453.1027
2023-05-17,456.4099,456.4099,456.4099,456.4099
2023-05-16,457.7824,457.7824,457.7824,457.7824
2023-05-15,458.7993,458.7993,458.7993,458.7993
2023-05-12,459.9093,459.9093,459.9093,459.9093
2023-05-11,462.3752,462.3752,462.3752,462.3752
2023-05-10,461.9906,461.9906,461.9906,461.9906
2023-05-09,459.7722,459.7722,459.7722,459.7722
2023-05-08,461.0355,461.0355,461.0355,461.0355
2023-05-05,462.0432,462.0432,462.0432,462.0432
2023-05-04,463.3134,463.3134,463.3134,463.3134
2023-05-03,463.0093,463.0093,463.0093,463.0093
2023-05-02,460.6088,460.6088,460.6088,460.6088
2023-05-01,458.2306,458.2306,458.2306,458.2306
2023-04-28,461.3495,461.3495,461.3495,461.3495
2023-04-27,459.214,459.214,459.214,459.214
2023-04-26,461.3348,461.3348,461.3348,461.3348
2023-04-25,461.115,461.115,461.115,461.115
2023-04-24,459.4095,459.4095,459.4095,459.4095
2023-04-21,457.9466,457.9466,457.9466,457.9466
2023-04-20,458.8781,458.8781,458.8781,458.8781
2023-04-19,457.0721,457.0721,457.0721,457.0721
2023-04-18,458.2362,458.2362,458.2362,458.2362
2023-04-17,457.0727,457.0727,457.0727,457.0727
2023-04-14,460.3104,460.3104,460.3104,460.3104
2023-04-13,462.5672,462.5672,462.5672,462.5672
2023-04-12,461.4426,461.4426,461.4426,461.4426
2023-04-11,460.5794,460.5794,460.5794,460.5794
2023-04-10,461.2341,461.2341,461.2341,461.2341
2023-04-07,462.4943,462.4943,462.4943,462.4943
2023-04-06,463.6143,463.6143,463.6143,463.6143
2023-04-05,463.957,463.957,463.957,463.957
2023-04-04,463.219,463.219,463.219,463.219
2023-04-03,461.2854,461.2854,461.2854,461.2854
2023-03-31,459.3227,459.3227,459.3227,459.3227
2023-03-30,458.7247,458.7247,458.7247,458.7247
2023-03-29,457.8659,457.8659,457.8659,457.8659
2023-03-28,458.3511,458.3511,458.3511,458.3511
2023-03-27,458.2455,458.2455,458.2455,458.2455
2023-03-24,461.0366,461.0366,461.0366,461.0366
2023-03-23,462.0116,462.0116,462.0116,462.0116
2023-03-22,457.9666,457.9666,457.9666,457.9666
2023-03-21,456.5571,456.5571,456.5571,456.5571
2023-03-20,457.8688,457.8688,457.8688,457.8688
2023-03-17,457.5923,457.5923,457.5923,457.5923
2023-03-16,454.0943,454.0943,454.0943,454.0943
2023-03-15,454.5459,454.5459,454.5459,454.5459
2023-03-14,452.8483,452.8483,452.8483,452.8483
2023-03-13,455.3051,455.3051,455.3051,455.3051
2023-03-10,450.1853,450.1853,450.1853,450.1853
2023-03-09,444.0217,444.0217,444.0217,444.0217
2023-03-08,442.851,442.851,442.851,442.851
2023-03-07,443.3767,443.3767,443.3767,443.3767
2023-03-06,445.2323,445.2323,445.2323,445.2323
2023-03-03,444.3632,444.3632,444.3632,444.3632
2023-03-02,442.5448,442.5448,442.5448,442.5448
2023-03-01,444.543,444.543,444.543,444.543
2023-02-28,445.2434,445.2434,445.2434,445.2434
2023-02-27,444.9915,444.9915,444.9915,444.9915
2023-02-24,444.2571,444.2571,444.2571,444.2571
2023-02-23,447.5171,447.5171,447.5171,447.5171
2023-02-22,446.9948,446.9948,446.9948,446.9948
2023-02-21,447.2791,447.2791,447.2791,447.2791
2023-02-20,450.2478,450.2478,450.2478,450.2478
2023-02-17,449.6115,449.6115,449.6115,449.6115
2023-02-16,449.7371,449.7371,449.7371,449.7371
2023-02-15,450.7764,450.7764,450.7764,450.7764
2023-02-14,453.1787,453.1787,453.1787,453.1787
2023-02-13,454.2133,454.2133,454.2133,454.2133
2023-02-10,453.9353,453.9353,453.9353,453.9353
2023-02-09,456.8804,456.8804,456.8804,456.8804
2023-02-08,456.5883,456.5883,456.5883,456.5883
2023-02-07,456.0692,456.0692,456.0692,456.0692
2023-02-06,456.3733,456.3733,456.3733,456.3733
2023-02-03,461.4615,461.4615,461.4615,461.4615
2023-02-02,466.6737,466.6737,466.6737,466.6737
2023-02-01,463.1692,463.1692,463.1692,463.1692
2023-01-31,460.5541,460.5541,460.5541,460.5541
2023-01-30,459.9795,459.9795,459.9795,459.9795
2023-01-27,460.6262,460.6262,460.6262,460.6262
2023-01-26,461.142,461.142,461.142,461.142
2023-01-25,462.8302,462.8302,462.8302,462.8302
2023-01-24,461.958,461.958,461.958,461.958
2023-01-23,460.3713,460.3713,460.3713,460.3713
2023-01-20,460.7811,460.7811,460.7811,460.7811
2023-01-19,462.6066,462.6066,462.6066,462.6066
2023-01-18,464.0637,464.0637,464.0637,464.0637
2023-01-17,460.5765,460.5765,460.5765,460.5765
2023-01-16,460.2281,460.2281,460.2281,460.2281
2023-01-13,460.764,460.764,460.764,460.764
2023-01-12,459.6868,459.6868,459.6868,459.6868
2023-01-11,455.8959,455.8959,455.8959,455.8959
2023-01-10,453.5124,453.5124,453.5124,453.5124
2023-01-09,455.3111,455.3111,455.3111,455.3111
2023-01-06,452.1156,452.1156,452.1156,452.1156
2023-01-05,447.1892,447.1892,447.1892,447.1892
2023-01-04,449.6396,449.6396,449.6396,449.6396
2023-01-03,447.2763,447.2763,447.2763,447.2763
2022-12-30,445.9152,445.9152,445.9152,445.9152
2022-12-29,446.1406,446.1406,446.1406,446.1406
2022-12-28,444.3344,444.3344,444.3344,444.3344
2022-12-27,446.0965,446.0965,446.0965,446.0965
2022-12-26,447.3318,447.3318,447.3318,447.3318
2022-12-23,447.4247,447.4247,447.4247,447.4247
2022-12-22,448.483,448.483,448.483,448.483
2022-12-21,449.3601,449.3601,449.3601,449.3601
2022-12-20,449.438,449.438,449.438,449.438
2022-12-19,449.0026,449.0026,449.0026,449.0026
2022-12-16,451.1433,451.1433,451.1433,451.1433
2022-12-15,452.8577,452.8577,452.8577,452.8577
2022-12-14,455.5269,455.5269,455.5269,455.5269
2022-12-13,454.5534,454.5534,454.5534,454.5534
2022-12-12,450.4589,450.4589,450.4589,450.4589
2022-12-09,451.5544,451.5544,451.5544,451.5544
2022-12-08,453.2428,453.2428,453.2428,453.2428
2022-12-07,453.2836,453.2836,453.2836,453.2836
2022-12-06,451.3035,451.3035,451.3035,451.3035
2022-12-05,451.0722,451.0722,451.0722,451.0722
2022-12-02,451.8751,451.8751,451.8751,451.8751
2022-12-01,451.2251,451.2251,451.2251,451.2251
2022-11-30,443.5168,443.5168,443.5168,443.5168
2022-11-29,443.5807,443.5807,443.5807,443.5807
2022-11-28,444.2731,444.2731,444.2731,444.2731
2022-11-25,444.7593,444.7593,444.7593,444.7593
2022-11-24,446.2042,446.2042,446.2042,446.2042
2022-11-23,444.374,444.374,444.374,444.374
2022-11-22,440.7016,440.7016,440.7016,440.7016
2022-11-21,438.5632,438.5632,438.5632,438.5632
2022-11-18,440.8363,440.8363,440.8363,440.8363
2022-11-17,440.195,440.195,440.195,440.195
2022-11-16,443.0857,443.0857,443.0857,443.0857
2022-11-15,441.048,441.048,441.048,441.048
2022-11-14,437.8666,437.8666,437.8666,437.8666
2022-11-11,438.5809,438.5809,438.5809,438.5809
2022-11-10,435.6731,435.6731,435.6731,435.6731
2022-11-09,426.2647,426.2647,426.2647,426.2647
2022-11-08,425.7782,425.7782,425.7782,425.7782
2022-11-07,423.3282,423.3282,423.3282,423.3282
2022-11-04,422.2824,422.2824,422.2824,422.2824
2022-11-03,420.3735,420.3735,420.3735,420.3735
2022-11-02,424.3376,424.3376,424.3376,424.3376
2022-11-01,424.3857,424.3857,424.3857,424.3857
2022-10-31,423.5826,423.5826,423.5826,423.5826
2022-10-28,426.3085,426.3085,426.3085,426.3085
2022-10-27,428.228,428.228,428.228,428.228
2022-10-26,426.2548,426.2548,426.2548,426.2548
2022-10-25,422.3679,422.3679,422.3679,422.3679
2022-10-24,418.0608,418.0608,418.0608,418.0608
2022-10-21,415.9279,415.9279,415.9279,415.9279
2022-10-20,417.512,417.512,417.512,417.512
2022-10-19,418.346,418.346,418.346,418.346
2022-10-18,421.3877,421.3877,421.3877,421.3877
2022-10-17,420.4909,420.4909,420.4909,420.4909
2022-10-14,418.8053,418.8053,418.8053,418.8053
2022-10-13,419.77,419.77,419.77,419.77
2022-10-12,420.4829,420.4829,420.4829,420.4829
2022-10-11,421.1081,421.1081,421.1081,421.1081
2022-10-10,422.4155,422.4155,422.4155,422.4155
2022-10-07,424.8319,424.8319,424.8319,424.8319
2022-10-06,427.382,427.382,427.382,427.382
2022-10-05,429.1077,429.1077,429.1077,429.1077
2022-10-04,432.8625,432.8625,432.8625,432.8625
2022-10-03,430.1659,430.1659,430.1659,430.1659
2022-09-30,426.5159,426.5159,426.5159,426.5159
2022-09-29,425.5687,425.5687,425.5687,425.5687
2022-09-28,424.921,424.921,424.921,424.921
2022-09-27,421.4479,421.4479,421.4479,421.4479
2022-09-26,424.2758,424.2758,424.2758,424.2758
2022-09-23,429.6236,429.6236,429.6236,429.6236
2022-09-22,433.3212,433.3212,433.3212,433.3212
2022-09-21,436.5916,436.5916,436.5916,436.5916
2022-09-20,437.4513,437.4513,437.4513,437.4513
2022-09-19,439.9227,439.9227,439.9227,439.9227
2022-09-16,440.3541,440.3541,440.3541,440.3541
2022-09-15,440.836,440.836,440.836,440.836
2022-09-14,442.4648,442.4648,442.4648,442.4648
2022-09-13,442.1294,442.1294,442.1294,442.1294
2022-09-12,445.9714,445.9714,445.9714,445.9714
2022-09-09,444.3755,444.3755,444.3755,444.3755
2022-09-08,442.6036,442.6036,442.6036,442.6036
2022-09-07,443.4599,443.4599,443.4599,443.4599
2022-09-06,442.7942,442.7942,442.7942,442.7942
2022-09-05,445.9945,445.9945,445.9945,445.9945
2022-09-02,447.8703,447.8703,447.8703,447.8703
2022-09-01,445.4849,445.4849,445.4849,445.4849
2022-08-31,449.6171,449.6171,449.6171,449.6171
2022-08-30,449.89,449.89,449.89,449.89
2022-08-29,451.4003,451.4003,451.4003,451.4003
2022-08-26,453.6138,453.6138,453.6138,453.6138
2022-08-25,454.2985,454.2985,454.2985,454.2985
2022-08-24,452.7305,452.7305,452.7305,452.7305
2022-08-23,454.184,454.184,454.184,454.184
2022-08-22,454.1108,454.1108,454.1108,454.1108
2022-08-19,456.9952,456.9952,456.9952,456.9952
2022-08-18,461.8438,461.8438,461.8438,461.8438
2022-08-17,462.1164,462.1164,462.1164,462.1164
2022-08-16,465.1255,465.1255,465.1255,465.1255
2022-08-15,466.79,466.79,466.79,466.79
2022-08-12,465.9465,465.9465,465.9465,465.9465
2022-08-11,467.2407,467.2407,467.2407,467.2407
2022-08-10,469.2578,469.2578,469.2578,469.2578
2022-08-09,465.4268,465.4268,465.4268,465.4268
2022-08-08,466.3329,466.3329,466.3329,466.3329
2022-08-05,464.016,464.016,464.016,464.016
2022-08-04,468.8103,468.8103,468.8103,468.8103
2022-08-03,466.2057,466.2057,466.2057,466.2057
2022-08-02,468.0509,468.0509,468.0509,468.0509
2022-08-01,471.4708,471.4708,471.4708,471.4708
2022-07-29,468.0885,468.0885,468.0885,468.0885
2022-07-28,466.4023,466.4023,466.4023,466.4023
2022-07-27,461.9295,461.9295,461.9295,461.9295
2022-07-26,461.9589,461.9589,461.9589,461.9589
2022-07-25,462.1802,462.1802,462.1802,462.1802
2022-07-22,462.7664,462.7664,462.7664,462.7664
2022-07-21,458.1495,458.1495,458.1495,458.1495
2022-07-20,456.1915,456.1915,456.1915,456.1915
2022-07-19,456.6603,456.6603,456.6603,456.6603
2022-07-18,456.9458,456.9458,456.9458,456.9458
2022-07-15,455.7091,455.7091,455.7091,455.7091
2022-07-14,453.3118,453.3118,453.3118,453.3118
2022-07-13,457.0978,457.0978,457.0978,457.0978
2022-07-12,455.9666,455.9666,455.9666,455.9666
2022-07-11,454.8598,454.8598,454.8598,454.8598
2022-07-08,455.2944,455.2944,455.2944,455.2944
2022-07-07,456.3169,456.3169,456.3169,456.3169
2022-07-06,457.608,457.608,457.608,457.608
2022-07-05,458.9856,458.9856,458.9856,458.9856
2022-07-04,459.6232,459.6232,459.6232,459.6232
2022-07-01,460.4431,460.4431,460.4431,460.4431
2022-06-30,458.3446,458.3446,458.3446,458.3446
2022-06-29,456.3437,456.3437,456.3437,456.3437
2022-06-28,454.9949,454.9949,454.9949,454.9949
2022-06-27,457.1295,457.1295,457.1295,457.1295
2022-06-24,458.2262,458.2262,458.2262,458.2262
2022-06-23,458.6762,458.6762,458.6762,458.6762
2022-06-22,456.2471,456.2471,456.2471,456.2471
2022-06-21,452.9056,452.9056,452.9056,452.9056
2022-06-20,454.121,454.121,454.121,454.121
2022-06-17,453.6435,453.6435,453.6435,453.6435
2022-06-16,455.0716,455.0716,455.0716,455.0716
2022-06-15,452.6948,452.6948,452.6948,452.6948
2022-06-14,449.5534,449.5534,449.5534,449.5534
2022-06-13,452.7848,452.7848,452.7848,452.7848
2022-06-10,459.9209,459.9209,459.9209,459.9209
2022-06-09,464.5085,464.5085,464.5085,464.5085
2022-06-08,466.7871,466.7871,466.7871,466.7871
2022-06-07,468.4076,468.4076,468.4076,468.4076
2022-06-06,468.339,468.339,468.339,468.339
2022-06-03,470.5493,470.5493,470.5493,470.5493
2022-06-02,471.1731,471.1731,471.1731,471.1731
2022-06-01,470.8893,470.8893,470.8893,470.8893
2022-05-31,473.5394,473.5394,473.5394,473.5394
2022-05-30,476.7996,476.7996,476.7996,476.7996
2022-05-27,476.4501,476.4501,476.4501,476.4501
2022-05-26,475.4129,475.4129,475.4129,475.4129
2022-05-25,475.7175,475.7175,475.7175,475.7175
2022-05-24,475.7261,475.7261,475.7261,475.7261
2022-05-23,472.7711,472.7711,472.7711,472.7711
2022-05-20,472.3058,472.3058,472.3058,472.3058
2022-05-19,471.7416,471.7416,471.7416,471.7416
2022-05-18,469.5778,469.5778,469.5778,469.5778
2022-05-17,468.4481,468.4481,468.4481,468.4481
2022-05-16,468.5391,468.5391,468.5391,468.5391
2022-05-13,467.6844,467.6844,467.6844,467.6844
2022-05-12,469.5897,469.5897,469.5897,469.5897
2022-05-11,468.9915,468.9915,468.9915,468.9915
2022-05-10,467.7695,467.7695,467.7695,467.7695
2022-05-09,466.1936,466.1936,466.1936,466.1936
2022-05-06,466.2955,466.2955,466.2955,466.2955
2022-05-05,468.4534,468.4534,468.4534,468.4534
2022-05-04,471.1247,471.1247,471.1247,471.1247
2022-05-03,470.3652,470.3652,470.3652,470.3652
2022-05-02,469.7271,469.7271,469.7271,469.7271
2022-04-29,472.2504,472.2504,472.2504,472.2504
2022-04-28,472.302,472.302,472.302,472.302
2022-04-27,475.121,475.121,475.121,475.121
2022-04-26,478.4777,478.4777,478.4777,478.4777
2022-04-25,477.5059,477.5059,477.5059,477.5059
2022-04-22,476.8646,476.8646,476.8646,476.8646
2022-04-21,479.3854,479.3854,479.3854,479.3854
2022-04-20,481.9728,481.9728,481.9728,481.9728
2022-04-19,478.9586,478.9586,478.9586,478.9586
2022-04-18,482.1889,482.1889,482.1889,482.1889
2022-04-15,483.4557,483.4557,483.4557,483.4557
2022-04-14,483.4566,483.4566,483.4566,483.4566
2022-04-13,486.2088,486.2088,486.2088,486.2088
2022-04-12,486.3068,486.3068,486.3068,486.3068
2022-04-11,485.5268,485.5268,485.5268,485.5268
2022-04-08,487.9714,487.9714,487.9714,487.9714
2022-04-07,490.1194,490.1194,490.1194,490.1194
2022-04-06,491.0825,491.0825,491.0825,491.0825
2022-04-05,493.2353,493.2353,493.2353,493.2353
2022-04-04,497.151,497.151,497.151,497.151
2022-04-01,496.7495,496.7495,496.7495,496.7495
2022-03-31,499.6239,499.6239,499.6239,499.6239
2022-03-30,498.5417,498.5417,498.5417,498.5417
2022-03-29,496.2107,496.2107,496.2107,496.2107
2022-03-28,493.6653,493.6653,493.6653,493.6653
2022-03-25,494.8202,494.8202,494.8202,494.8202
2022-03-24,497.0697,497.0697,497.0697,497.0697
2022-03-23,498.6054,498.6054,498.6054,498.6054
2022-03-22,497.5722,497.5722,497.5722,497.5722
2022-03-21,500.3058,500.3058,500.3058,500.3058
2022-03-18,503.0012,503.0012,503.0012,503.0012
2022-03-17,503.0519,503.0519,503.0519,503.0519
2022-03-16,500.8681,500.8681,500.8681,500.8681
2022-03-15,500.2873,500.2873,500.2873,500.2873
2022-03-14,500.5434,500.5434,500.5434,500.5434
2022-03-11,504.4521,504.4521,504.4521,504.4521
2022-03-10,505.9301,505.9301,505.9301,505.9301
2022-03-09,508.236,508.236,508.236,508.236
2022-03-08,507.8588,507.8588,507.8588,507.8588
2022-03-07,511.22,511.22,511.22,511.22
2022-03-04,514.0915,514.0915,514.0915,514.0915
2022-03-03,513.563,513.563,513.563,513.563
2022-03-02,513.3635,513.3635,513.3635,513.3635
2022-03-01,518.1627,518.1627,518.1627,518.1627
2022-02-28,515.3167,515.3167,515.3167,515.3167
2022-02-25,513.0395,513.0395,513.0395,513.0395
2022-02-24,511.0814,511.0814,511.0814,511.0814
2022-02-23,514.4588,514.4588,514.4588,514.4588
2022-02-22,515.4697,515.4697,515.4697,515.4697
2022-02-21,516.3109,516.3109,516.3109,516.3109
2022-02-18,516.3191,516.3191,516.3191,516.3191
2022-02-17,515.955,515.955,515.955,515.955
2022-02-16,514.7358,514.7358,514.7358,514.7358
2022-02-15,513.4765,513.4765,513.4765,513.4765
2022-02-14,513.7693,513.7693,513.7693,513.7693
2022-02-11,516.3244,516.3244,516.3244,516.3244
2022-02-10,516.1411,516.1411,516.1411,516.1411
2022-02-09,518.7161,518.7161,518.7161,518.7161
2022-02-08,517.5876,517.5876,517.5876,517.5876
2022-02-07,519.5252,519.5252,519.5252,519.5252
2022-02-04,519.7704,519.7704,519.7704,519.7704
2022-02-03,522.5528,522.5528,522.5528,522.5528
2022-02-02,523.552,523.552,523.552,523.552
2022-02-01,522.0745,522.0745,522.0745,522.0745
2022-01-31,521.5153,521.5153,521.5153,521.5153
2022-01-28,521.6466,521.6466,521.6466,521.6466
2022-01-27,521.5173,521.5173,521.5173,521.5173
2022-01-26,524.0277,524.0277,524.0277,524.0277
2022-01-25,525.6297,525.6297,525.6297,525.6297
2022-01-24,526.3927,526.3927,526.3927,526.3927
2022-01-21,527.3968,527.3968,527.3968,527.3968
2022-01-20,526.3355,526.3355,526.3355,526.3355
2022-01-19,525.2652,525.2652,525.2652,525.2652
2022-01-18,524.6096,524.6096,524.6096,524.6096
2022-01-17,527.0524,527.0524,527.0524,527.0524
2022-01-14,528.423,528.423,528.423,528.423
2022-01-13,530.5009,530.5009,530.5009,530.5009
2022-01-12,528.619,528.619,528.619,528.619
2022-01-11,526.4258,526.4258,526.4258,526.4258
2022-01-10,525.8972,525.8972,525.8972,525.8972
2022-01-07,526.1801,526.1801,526.1801,526.1801
2022-01-06,526.2224,526.2224,526.2224,526.2224
2022-01-05,528.1506,528.1506,528.1506,528.1506
2022-01-04,528.3537,528.3537,528.3537,528.3537
2022-01-03,528.8281,528.8281,528.8281,528.8281
2021-12-31,532.4266,532.4266,532.4266,532.4266
2021-12-30,531.2514,531.2514,531.2514,531.2514
2021-12-29,531.1477,531.1477,531.1477,531.1477
2021-12-28,531.862,531.862,531.862,531.862
2021-12-27,532.0166,532.0166,532.0166,532.0166
2021-12-24,532.1036,532.1036,532.1036,532.1036
2021-12-23,531.7635,531.7635,531.7635,531.7635
2021-12-22,532.7338,532.7338,532.7338,532.7338
2021-12-21,531.7061,531.7061,531.7061,531.7061
2021-12-20,533.793,533.793,533.793,533.793
2021-12-17,534.2808,534.2808,534.2808,534.2808
2021-12-16,534.349,534.349,534.349,534.349
2021-12-15,532.9264,532.9264,532.9264,532.9264
2021-12-14,533.9306,533.9306,533.9306,533.9306
2021-12-13,534.5923,534.5923,534.5923,534.5923
2021-12-10,534.0023,534.0023,534.0023,534.0023
2021-12-09,533.7297,533.7297,533.7297,533.7297
2021-12-08,533.5149,533.5149,533.5149,533.5149
2021-12-07,533.7813,533.7813,533.7813,533.7813
2021-12-06,534.3721,534.3721,534.3721,534.3721
2021-12-03,534.9088,534.9088,534.9088,534.9088
2021-12-02,534.6867,534.6867,534.6867,534.6867
2021-12-01,534.8757,534.8757,534.8757,534.8757
2021-11-30,533.171,533.171,533.171,533.171
2021-11-29,532.0211,532.0211,532.0211,532.0211
2021-11-26,533.2551,533.2551,533.2551,533.2551
2021-11-25,528.0893,528.0893,528.0893,528.0893
2021-11-24,527.571,527.571,527.571,527.571
2021-11-23,528.4724,528.4724,528.4724,528.4724
2021-11-22,530.3753,530.3753,530.3753,530.3753
2021-11-19,533.4286,533.4286,533.4286,533.4286
2021-11-18,532.5247,532.5247,532.5247,532.5247
2021-11-17,531.2902,531.2902,531.2902,531.2902
2021-11-16,531.454,531.454,531.454,531.454
2021-11-15,533.0986,533.0986,533.0986,533.0986
2021-11-12,534.024,534.024,534.024,534.024
2021-11-11,534.6237,534.6237,534.6237,534.6237
2021-11-10,535.9644,535.9644,535.9644,535.9644
2021-11-09,539.9487,539.9487,539.9487,539.9487
2021-11-08,538.6007,538.6007,538.6007,538.6007
2021-11-05,538.4602,538.4602,538.4602,538.4602
2021-11-04,536.1492,536.1492,536.1492,536.1492
2021-11-03,535.1194,535.1194,535.1194,535.1194
2021-11-02,535.6053,535.6053,535.6053,535.6053
2021-11-01,534.5809,534.5809,534.5809,534.5809
2021-10-29,534.7351,534.7351,534.7351,534.7351
2021-10-28,537.4202,537.4202,537.4202,537.4202
2021-10-27,536.6947,536.6947,536.6947,536.6947
2021-10-26,534.6097,534.6097,534.6097,534.6097
2021-10-25,534.6463,534.6463,534.6463,534.6463
2021-10-22,534.6288,534.6288,534.6288,534.6288
2021-10-21,533.8994,533.8994,533.8994,533.8994
2021-10-20,534.5393,534.5393,534.5393,534.5393
2021-10-19,534.5607,534.5607,534.5607,534.5607
2021-10-18,534.436,534.436,534.436,534.436
2021-10-15,535.3239,535.3239,535.3239,535.3239
2021-10-14,536.0059,536.0059,536.0059,536.0059
2021-10-13,534.5015,534.5015,534.5015,534.5015
2021-10-12,532.6855,532.6855,532.6855,532.6855
2021-10-11,532.9596,532.9596,532.9596,532.9596
2021-10-08,534.0941,534.0941,534.0941,534.0941
2021-10-07,535.2252,535.2252,535.2252,535.2252
2021-10-06,535.4392,535.4392,535.4392,535.4392
2021-10-05,536.1598,536.1598,536.1598,536.1598
2021-10-04,538.0222,538.0222,538.0222,538.0222
2021-10-01,537.625,537.625,537.625,537.625
2021-09-30,536.0307,536.0307,536.0307,536.0307
2021-09-29,536.1746,536.1746,536.1746,536.1746
2021-09-28,537.1431,537.1431,537.1431,537.1431
2021-09-27,539.6712,539.6712,539.6712,539.6712
2021-09-24,540.3463,540.3463,540.3463,540.3463
2021-09-23,542.5405,542.5405,542.5405,542.5405
2021-09-22,544.3785,544.3785,544.3785,544.3785
2021-09-21,544.2057,544.2057,544.2057,544.2057
2021-09-20,543.9537,543.9537,543.9537,543.9537
2021-09-17,543.042,543.042,543.042,543.042
2021-09-16,544.5895,544.5895,544.5895,544.5895
2021-09-15,546.5043,546.5043,546.5043,546.5043
2021-09-14,546.7265,546.7265,546.7265,546.7265
2021-09-13,545.6168,545.6168,545.6168,545.6168
2021-09-10,545.8667,545.8667,545.8667,545.8667
2021-09-09,546.1978,546.1978,546.1978,546.1978
2021-09-08,544.3552,544.3552,544.3552,544.3552
2021-09-07,544.7328,544.7328,544.7328,544.7328
2021-09-06,546.6882,546.6882,546.6882,546.6882
2021-09-03,547.0585,547.0585,547.0585,547.0585
2021-09-02,547.1922,547.1922,547.1922,547.1922
2021-09-01,546.3743,546.3743,546.3743,546.3743
2021-08-31,545.7278,545.7278,545.7278,545.7278
2021-08-30,546.1344,546.1344,546.1344,546.1344
2021-08-27,545.4851,545.4851,545.4851,545.4851
2021-08-26,544.2683,544.2683,544.2683,544.2683
2021-08-25,544.3272,544.3272,544.3272,544.3272
2021-08-24,546.031,546.031,546.031,546.031
2021-08-23,545.8259,545.8259,545.8259,545.8259
2021-08-20,544.5656,544.5656,544.5656,544.5656
2021-08-19,544.8827,544.8827,544.8827,544.8827
2021-08-18,545.3132,545.3132,545.3132,545.3132
2021-08-17,545.3788,545.3788,545.3788,545.3788
2021-08-16,547.106,547.106,547.106,547.106
2021-08-13,546.3322,546.3322,546.3322,546.3322
2021-08-12,544.2845,544.2845,544.2845,544.2845
2021-08-11,544.4205,544.4205,544.4205,544.4205
2021-08-10,544.1473,544.1473,544.1473,544.1473
2021-08-09,544.9198,544.9198,544.9198,544.9198
2021-08-06,545.4096,545.4096,545.4096,545.4096
2021-08-05,549.0013,549.0013,549.0013,549.0013
2021-08-04,549.2379,549.2379,549.2379,549.2379
2021-08-03,549.6865,549.6865,549.6865,549.6865
2021-08-02,549.5073,549.5073,549.5073,549.5073
2021-07-30,548.0067,548.0067,548.0067,548.0067
2021-07-29,548.1083,548.1083,548.1083,548.1083
2021-07-28,546.2772,546.2772,546.2772,546.2772
2021-07-27,546.7374,546.7374,546.7374,546.7374
2021-07-26,545.5705,545.5705,545.5705,545.5705
2021-07-23,544.6589,544.6589,544.6589,544.6589
2021-07-22,545.6402,545.6402,545.6402,545.6402
2021-07-21,544.1744,544.1744,544.1744,544.1744
2021-07-20,544.9147,544.9147,544.9147,544.9147
2021-07-19,545.7806,545.7806,545.7806,545.7806
2021-07-16,544.2199,544.2199,544.2199,544.2199
2021-07-15,544.4911,544.4911,544.4911,544.4911
2021-07-14,543.914,543.914,543.914,543.914
2021-07-13,542.7963,542.7963,542.7963,542.7963
2021-07-12,543.8089,543.8089,543.8089,543.8089
2021-07-09,543.3574,543.3574,543.3574,543.3574
2021-07-08,544.7191,544.7191,544.7191,544.7191
2021-07-07,543.0441,543.0441,543.0441,543.0441
2021-07-06,542.7508,542.7508,542.7508,542.7508
2021-07-05,541.6213,541.6213,541.6213,541.6213
2021-07-02,540.9466,540.9466,540.9466,540.9466
2021-07-01,540.3512,540.3512,540.3512,540.3512
2021-06-30,540.8085,540.8085,540.8085,540.8085
2021-06-29,541.1156,541.1156,541.1156,541.1156
2021-06-28,541.4538,541.4538,541.4538,541.4538
2021-06-25,540.859,540.859,540.859,540.859
2021-06-24,541.1681,541.1681,541.1681,541.1681
2021-06-23,541.3362,541.3362,541.3362,541.3362
2021-06-22,540.6725,540.6725,540.6725,540.6725
2021-06-21,541.1611,541.1611,541.1611,541.1611
2021-06-18,541.0609,541.0609,541.0609,541.0609
2021-06-17,541.6913,541.6913,541.6913,541.6913
2021-06-16,544.5583,544.5583,544.5583,544.5583
2021-06-15,545.1463,545.1463,545.1463,545.1463
2021-06-14,545.7203,545.7203,545.7203,545.7203
2021-06-11,546.4901,546.4901,546.4901,546.4901
2021-06-10,547.0628,547.0628,547.0628,547.0628
2021-06-09,546.7127,546.7127,546.7127,546.7127
2021-06-08,545.8227,545.8227,545.8227,545.8227
2021-06-07,545.1704,545.1704,545.1704,545.1704
2021-06-04,544.8868,544.8868,544.8868,544.8868
2021-06-03,542.8905,542.8905,542.8905,542.8905
2021-06-02,545.0055,545.0055,545.0055,545.0055
2021-06-01,545.3925,545.3925,545.3925,545.3925
2021-05-31,545.6221,545.6221,545.6221,545.6221
2021-05-28,544.5224,544.5224,544.5224,544.5224
2021-05-27,544.555,544.555,544.555,544.555
2021-05-26,545.5732,545.5732,545.5732,545.5732
2021-05-25,545.5446,545.5446,545.5446,545.5446
2021-05-24,544.1431,544.1431,544.1431,544.1431
2021-05-21,543.0951,543.0951,543.0951,543.0951
2021-05-20,543.0263,543.0263,543.0263,543.0263
2021-05-19,542.3672,542.3672,542.3672,542.3672
2021-05-18,542.912,542.912,542.912,542.912
2021-05-17,541.5547,541.5547,541.5547,541.5547
2021-05-14,541.4651,541.4651,541.4651,541.4651
2021-05-13,539.7186,539.7186,539.7186,539.7186
2021-05-12,540.1344,540.1344,540.1344,540.1344
2021-05-11,543.2458,543.2458,543.2458,543.2458
2021-05-10,544.2806,544.2806,544.2806,544.2806
2021-05-07,543.9796,543.9796,543.9796,543.9796
2021-05-06,542.2509,542.2509,542.2509,542.2509
2021-05-05,541.2375,541.2375,541.2375,541.2375
2021-05-04,541.3716,541.3716,541.3716,541.3716
2021-05-03,541.679,541.679,541.679,541.679
2021-04-30,540.5455,540.5455,540.5455,540.5455
2021-04-29,541.6839,541.6839,541.6839,541.6839
2021-04-28,541.7808,541.7808,541.7808,541.7808
2021-04-27,542.1263,542.1263,542.1263,542.1263
2021-04-26,543.0947,543.0947,543.0947,543.0947
2021-04-23,542.4938,542.4938,542.4938,542.4938
2021-04-22,542.6146,542.6146,542.6146,542.6146
2021-04-21,542.5287,542.5287,542.5287,542.5287
2021-04-20,542.4176,542.4176,542.4176,542.4176
2021-04-19,541.7178,541.7178,541.7178,541.7178
2021-04-16,540.5835,540.5835,540.5835,540.5835
2021-04-15,541.1306,541.1306,541.1306,541.1306
2021-04-14,539.3575,539.3575,539.3575,539.3575
2021-04-13,538.5787,538.5787,538.5787,538.5787
2021-04-12,537.7444,537.7444,537.7444,537.7444
2021-04-09,537.4741,537.4741,537.4741,537.4741
2021-04-08,538.5224,538.5224,538.5224,538.5224
2021-04-07,537.6401,537.6401,537.6401,537.6401
2021-04-06,537.029,537.029,537.029,537.029
2021-04-05,534.951,534.951,534.951,534.951
2021-04-02,534.2901,534.2901,534.2901,534.2901
2021-04-01,534.8058,534.8058,534.8058,534.8058
2021-03-31,533.802,533.802,533.802,533.802
2021-03-30,533.1947,533.1947,533.1947,533.1947
2021-03-29,534.641,534.641,534.641,534.641
2021-03-26,536.145,536.145,536.145,536.145
2021-03-25,536.6374,536.6374,536.6374,536.6374
2021-03-24,537.7728,537.7728,537.7728,537.7728
2021-03-23,538.0766,538.0766,538.0766,538.0766
2021-03-22,537.8945,537.8945,537.8945,537.8945
2021-03-19,536.5385,536.5385,536.5385,536.5385
2021-03-18,536.5819,536.5819,536.5819,536.5819
2021-03-17,536.9351,536.9351,536.9351,536.9351
2021-03-16,537.9298,537.9298,537.9298,537.9298
2021-03-15,537.8582,537.8582,537.8582,537.8582
2021-03-12,537.733,537.733,537.733,537.733
2021-03-11,540.5076,540.5076,540.5076,540.5076
2021-03-10,538.8547,538.8547,538.8547,538.8547
2021-03-09,538.0334,538.0334,538.0334,538.0334
2021-03-08,536.5558,536.5558,536.5558,536.5558
2021-03-05,538.7504,538.7504,538.7504,538.7504
2021-03-04,541.7051,541.7051,541.7051,541.7051
2021-03-03,543.3522,543.3522,543.3522,543.3522
2021-03-02,544.6158,544.6158,544.6158,544.6158
2021-03-01,543.9696,543.9696,543.9696,543.9696
2021-02-26,544.272,544.272,544.272,544.272
2021-02-25,544.3751,544.3751,544.3751,544.3751
2021-02-24,545.9423,545.9423,545.9423,545.9423
2021-02-23,547.7269,547.7269,547.7269,547.7269
2021-02-22,547.8397,547.8397,547.8397,547.8397
2021-02-19,547.8624,547.8624,547.8624,547.8624
2021-02-18,547.8215,547.8215,547.8215,547.8215
2021-02-17,547.8368,547.8368,547.8368,547.8368
2021-02-16,549.0071,549.0071,549.0071,549.0071
2021-02-15,550.7887,550.7887,550.7887,550.7887
2021-02-12,551.3349,551.3349,551.3349,551.3349
2021-02-11,552.7889,552.7889,552.7889,552.7889
2021-02-10,552.8032,552.8032,552.8032,552.8032
2021-02-09,552.043,552.043,552.043,552.043
2021-02-08,550.5713,550.5713,550.5713,550.5713
2021-02-05,549.7187,549.7187,549.7187,549.7187
2021-02-04,549.4523,549.4523,549.4523,549.4523
2021-02-03,550.607,550.607,550.607,550.607
2021-02-02,551.1576,551.1576,551.1576,551.1576
2021-02-01,552.5796,552.5796,552.5796,552.5796
2021-01-29,553.8047,553.8047,553.8047,553.8047
2021-01-28,554.2254,554.2254,554.2254,554.2254
2021-01-27,554.5757,554.5757,554.5757,554.5757
2021-01-26,555.8737,555.8737,555.8737,555.8737
2021-01-25,555.3268,555.3268,555.3268,555.3268
2021-01-22,554.7533,554.7533,554.7533,554.7533
2021-01-21,555.0088,555.0088,555.0088,555.0088
2021-01-20,554.9847,554.9847,554.9847,554.9847
2021-01-19,554.6504,554.6504,554.6504,554.6504
2021-01-18,553.6446,553.6446,553.6446,553.6446
2021-01-15,554.1684,554.1684,554.1684,554.1684
2021-01-14,554.9917,554.9917,554.9917,554.9917
2021-01-13,555.2697,555.2697,555.2697,555.2697
2021-01-12,553.3005,553.3005,553.3005,553.3005
2021-01-11,553.3634,553.3634,553.3634,553.3634
2021-01-08,556.1311,556.1311,556.1311,556.1311
2021-01-07,556.174,556.174,556.174,556.174
2021-01-06,557.4265,557.4265,557.4265,557.4265
2021-01-05,559.3117,559.3117,559.3117,559.3117
2021-01-04,559.5641,559.5641,559.5641,559.5641
2020-12-31,558.7254,558.7254,558.7254,558.7254
2020-12-30,558.9703,558.9703,558.9703,558.9703
2020-12-29,557.4482,557.4482,557.4482,557.4482
2020-12-28,555.818,555.818,555.818,555.818
2020-12-25,555.9331,555.9331,555.9331,555.9331
2020-12-24,555.9688,555.9688,555.9688,555.9688
2020-12-23,555.4962,555.4962,555.4962,555.4962
2020-12-22,555.6922,555.6922,555.6922,555.6922
2020-12-21,555.9866,555.9866,555.9866,555.9866
2020-12-18,556.7043,556.7043,556.7043,556.7043
2020-12-17,557.5698,557.5698,557.5698,557.5698
2020-12-16,555.9919,555.9919,555.9919,555.9919
2020-12-15,555.5013,555.5013,555.5013,555.5013
2020-12-14,555.0635,555.0635,555.0635,555.0635
2020-12-11,554.9211,554.9211,554.9211,554.9211
2020-12-10,554.4541,554.4541,554.4541,554.4541
2020-12-09,553.4397,553.4397,553.4397,553.4397
2020-12-08,554.1696,554.1696,554.1696,554.1696
2020-12-07,553.7585,553.7585,553.7585,553.7585
2020-12-04,553.0064,553.0064,553.0064,553.0064
2020-12-03,554.0076,554.0076,554.0076,554.0076
2020-12-02,550.9687,550.9687,550.9687,550.9687
2020-12-01,550.69,550.69,550.69,550.69
2020-11-30,551.3198,551.3198,551.3198,551.3198
2020-11-27,551.2971,551.2971,551.2971,551.2971
2020-11-26,550.0528,550.0528,550.0528,550.0528
2020-11-25,549.7328,549.7328,549.7328,549.7328
2020-11-24,549.0274,549.0274,549.0274,549.0274
2020-11-23,548.5965,548.5965,548.5965,548.5965
2020-11-20,549.7987,549.7987,549.7987,549.7987
2020-11-19,548.6534,548.6534,548.6534,548.6534
2020-11-18,549.2798,549.2798,549.2798,549.2798
2020-11-17,548.4444,548.4444,548.4444,548.4444
2020-11-16,546.7667,546.7667,546.7667,546.7667
2020-11-13,545.8977,545.8977,545.8977,545.8977
2020-11-12,545.1091,545.1091,545.1091,545.1091
2020-11-11,543.011,543.011,543.011,543.011
2020-11-10,544.1708,544.1708,544.1708,544.1708
2020-11-09,544.6831,544.6831,544.6831,544.6831
2020-11-06,548.4961,548.4961,548.4961,548.4961
2020-11-05,548.1579,548.1579,548.1579,548.1579
2020-11-04,544.6883,544.6883,544.6883,544.6883
2020-11-03,543.2396,543.2396,543.2396,543.2396
2020-11-02,541.4536,541.4536,541.4536,541.4536
2020-10-30,541.4746,541.4746,541.4746,541.4746
2020-10-29,541.7831,541.7831,541.7831,541.7831
2020-10-28,543.9592,543.9592,543.9592,543.9592
2020-10-27,545.4697,545.4697,545.4697,545.4697
2020-10-26,543.9694,543.9694,543.9694,543.9694
2020-10-23,543.8025,543.8025,543.8025,543.8025
2020-10-22,543.6948,543.6948,543.6948,543.6948
2020-10-21,545.5576,545.5576,545.5576,545.5576
2020-10-20,543.9745,543.9745,543.9745,543.9745
2020-10-19,544.1573,544.1573,544.1573,544.1573
2020-10-16,543.4339,543.4339,543.4339,543.4339
2020-10-15,542.8489,542.8489,542.8489,542.8489
2020-10-14,543.9745,543.9745,543.9745,543.9745
2020-10-13,543.0469,543.0469,543.0469,543.0469
2020-10-12,543.3336,543.3336,543.3336,543.3336
2020-10-09,542.8753,542.8753,542.8753,542.8753
2020-10-08,540.7717,540.7717,540.7717,540.7717
2020-10-07,540.1403,540.1403,540.1403,540.1403
2020-10-06,541.5144,541.5144,541.5144,541.5144
2020-10-05,541.1755,541.1755,541.1755,541.1755
2020-10-02,541.0385,541.0385,541.0385,541.0385
2020-10-01,541.1062,541.1062,541.1062,541.1062
2020-09-30,540.9572,540.9572,540.9572,540.9572
2020-09-29,541.1673,541.1673,541.1673,541.1673
2020-09-28,539.5694,539.5694,539.5694,539.5694
2020-09-25,539.036,539.036,539.036,539.036
2020-09-24,539.4295,539.4295,539.4295,539.4295
2020-09-23,540.5563,540.5563,540.5563,540.5563
2020-09-22,541.6041,541.6041,541.6041,541.6041
2020-09-21,542.7344,542.7344,542.7344,542.7344
2020-09-18,544.5762,544.5762,544.5762,544.5762
2020-09-17,543.776,543.776,543.776,543.776
2020-09-16,543.7684,543.7684,543.7684,543.7684
2020-09-15,543.0817,543.0817,543.0817,543.0817
2020-09-14,543.0573,543.0573,543.0573,543.0573
2020-09-11,541.6438,541.6438,541.6438,541.6438
2020-09-10,541.4828,541.4828,541.4828,541.4828
2020-09-09,540.8823,540.8823,540.8823,540.8823
2020-09-08,541.4095,541.4095,541.4095,541.4095
2020-09-07,541.1028,541.1028,541.1028,541.1028
2020-09-04,540.9628,540.9628,540.9628,540.9628
2020-09-03,543.4313,543.4313,543.4313,543.4313
2020-09-02,543.2097,543.2097,543.2097,543.2097
2020-09-01,543.8919,543.8919,543.8919,543.8919
2020-08-31,542.91,542.91,542.91,542.91
2020-08-28,541.8519,541.8519,541.8519,541.8519
2020-08-27,539.0473,539.0473,539.0473,539.0473
2020-08-26,540.6099,540.6099,540.6099,540.6099
2020-08-25,540.4974,540.4974,540.4974,540.4974
2020-08-24,542.073,542.073,542.073,542.073
2020-08-21,541.5186,541.5186,541.5186,541.5186
2020-08-20,542.2871,542.2871,542.2871,542.2871
2020-08-19,543.1836,543.1836,543.1836,543.1836
2020-08-18,543.5261,543.5261,543.5261,543.5261
2020-08-17,541.7766,541.7766,541.7766,541.7766
2020-08-14,540.3119,540.3119,540.3119,540.3119
2020-08-13,540.3534,540.3534,540.3534,540.3534
2020-08-12,540.8741,540.8741,540.8741,540.8741
2020-08-11,541.3408,541.3408,541.3408,541.3408
2020-08-10,543.4489,543.4489,543.4489,543.4489
2020-08-07,543.462,543.462,543.462,543.462
2020-08-06,545.2036,545.2036,545.2036,545.2036
2020-08-05,545.0315,545.0315,545.0315,545.0315
2020-08-04,543.2571,543.2571,543.2571,543.2571
2020-08-03,541.7188,541.7188,541.7188,541.7188
2020-07-31,543.739,543.739,543.739,543.739
2020-07-30,543.5113,543.5113,543.5113,543.5113
2020-07-29,542.3468,542.3468,542.3468,542.3468
2020-07-28,541.7852,541.7852,541.7852,541.7852
2020-07-27,541.7927,541.7927,541.7927,541.7927
2020-07-24,538.7462,538.7462,538.7462,538.7462
2020-07-23,538.0097,538.0097,538.0097,538.0097
2020-07-22,537.5181,537.5181,537.5181,537.5181
2020-07-21,535.7415,535.7415,535.7415,535.7415
2020-07-20,533.8489,533.8489,533.8489,533.8489
2020-07-17,532.6813,532.6813,532.6813,532.6813
2020-07-16,533.2203,533.2203,533.2203,533.2203
2020-07-15,532.5739,532.5739,532.5739,532.5739
2020-07-14,531.663,531.663,531.663,531.663
2020-07-13,530.8972,530.8972,530.8972,530.8972
2020-07-10,531.3642,531.3642,531.3642,531.3642
2020-07-09,530.9169,530.9169,530.9169,530.9169
2020-07-08,530.1214,530.1214,530.1214,530.1214
2020-07-07,529.2873,529.2873,529.2873,529.2873
2020-07-06,529.1507,529.1507,529.1507,529.1507
2020-07-03,527.7667,527.7667,527.7667,527.7667
2020-07-02,527.4791,527.4791,527.4791,527.4791
2020-07-01,527.0668,527.0668,527.0668,527.0668
2020-06-30,526.9333,526.9333,526.9333,526.9333
2020-06-29,527.0577,527.0577,527.0577,527.0577
2020-06-26,526.8857,526.8857,526.8857,526.8857
2020-06-25,526.9166,526.9166,526.9166,526.9166
2020-06-24,527.7694,527.7694,527.7694,527.7694
2020-06-23,528.8307,528.8307,528.8307,528.8307
2020-06-22,527.3953,527.3953,527.3953,527.3953
2020-06-19,526.0591,526.0591,526.0591,526.0591
2020-06-18,526.7354,526.7354,526.7354,526.7354
2020-06-17,526.4017,526.4017,526.4017,526.4017
2020-06-16,526.3366,526.3366,526.3366,526.3366
2020-06-15,526.5531,526.5531,526.5531,526.5531
2020-06-12,526.2133,526.2133,526.2133,526.2133
2020-06-11,529.0486,529.0486,529.0486,529.0486
2020-06-10,527.4021,527.4021,527.4021,527.4021
2020-06-09,526.0831,526.0831,526.0831,526.0831
2020-06-08,524.0722,524.0722,524.0722,524.0722
2020-06-05,522.4213,522.4213,522.4213,522.4213
2020-06-04,523.3169,523.3169,523.3169,523.3169
2020-06-03,522.5109,522.5109,522.5109,522.5109
2020-06-02,523.1298,523.1298,523.1298,523.1298
2020-06-01,522.7518,522.7518,522.7518,522.7518
2020-05-29,522.2931,522.2931,522.2931,522.2931
2020-05-28,520.5546,520.5546,520.5546,520.5546
2020-05-27,519.0913,519.0913,519.0913,519.0913
2020-05-26,519.2604,519.2604,519.2604,519.2604
2020-05-25,517.871,517.871,517.871,517.871
2020-05-22,518.1732,518.1732,518.1732,518.1732
2020-05-21,518.5985,518.5985,518.5985,518.5985
2020-05-20,519.049,519.049,519.049,519.049
2020-05-19,516.9711,516.9711,516.9711,516.9711
2020-05-18,515.2587,515.2587,515.2587,515.2587
2020-05-15,515.3831,515.3831,515.3831,515.3831
2020-05-14,515.774,515.774,515.774,515.774
2020-05-13,515.9067,515.9067,515.9067,515.9067
2020-05-12,515.9578,515.9578,515.9578,515.9578
2020-05-11,514.3944,514.3944,514.3944,514.3944
2020-05-08,515.6506,515.6506,515.6506,515.6506
2020-05-07,515.891,515.891,515.891,515.891
2020-05-06,515.5634,515.5634,515.5634,515.5634
2020-05-05,517.4854,517.4854,517.4854,517.4854
2020-05-04,518.0034,518.0034,518.0034,518.0034
2020-05-01,519.7754,519.7754,519.7754,519.7754
2020-04-30,520.0118,520.0118,520.0118,520.0118
2020-04-29,517.7244,517.7244,517.7244,517.7244
2020-04-28,516.6036,516.6036,516.6036,516.6036
2020-04-27,515.4144,515.4144,515.4144,515.4144
2020-04-24,515.1652,515.1652,515.1652,515.1652
2020-04-23,514.7271,514.7271,514.7271,514.7271
2020-04-22,513.2003,513.2003,513.2003,513.2003
2020-04-21,513.9709,513.9709,513.9709,513.9709
2020-04-20,514.6801,514.6801,514.6801,514.6801
2020-04-17,515.3022,515.3022,515.3022,515.3022
2020-04-16,514.9951,514.9951,514.9951,514.9951
2020-04-15,515.3392,515.3392,515.3392,515.3392
2020-04-14,515.1297,515.1297,515.1297,515.1297
2020-04-13,513.5991,513.5991,513.5991,513.5991
2020-04-10,512.4616,512.4616,512.4616,512.4616
2020-04-09,512.4361,512.4361,512.4361,512.4361
2020-04-08,508.6688,508.6688,508.6688,508.6688
2020-04-07,508.1802,508.1802,508.1802,508.1802
2020-04-06,506.9536,506.9536,506.9536,506.9536
2020-04-03,508.0991,508.0991,508.0991,508.0991
2020-04-02,509.2771,509.2771,509.2771,509.2771
2020-04-01,510.5404,510.5404,510.5404,510.5404
2020-03-31,509.9988,509.9988,509.9988,509.9988
2020-03-30,511.474,511.474,511.474,511.474
2020-03-27,510.4101,510.4101,510.4101,510.4101
2020-03-26,506.7601,506.7601,506.7601,506.7601
2020-03-25,499.2641,499.2641,499.2641,499.2641
2020-03-24,498.2149,498.2149,498.2149,498.2149
2020-03-23,496.8553,496.8553,496.8553,496.8553
2020-03-20,494.7105,494.7105,494.7105,494.7105
2020-03-19,491.7119,491.7119,491.7119,491.7119
2020-03-18,495.598,495.598,495.598,495.598
2020-03-17,506.6228,506.6228,506.6228,506.6228
2020-03-16,515.3382,515.3382,515.3382,515.3382
2020-03-13,514.0993,514.0993,514.0993,514.0993
2020-03-12,519.6413,519.6413,519.6413,519.6413
2020-03-11,528.2103,528.2103,528.2103,528.2103
2020-03-10,531.5222,531.5222,531.5222,531.5222
2020-03-09,538.9731,538.9731,538.9731,538.9731
2020-03-06,534.5859,534.5859,534.5859,534.5859
2020-03-05,528.5738,528.5738,528.5738,528.5738
2020-03-04,526.9108,526.9108,526.9108,526.9108
2020-03-03,526.1759,526.1759,526.1759,526.1759
2020-03-02,524.019,524.019,524.019,524.019
2020-02-28,521.688,521.688,521.688,521.688
2020-02-27,518.3495,518.3495,518.3495,518.3495
2020-02-26,516.8015,516.8015,516.8015,516.8015
2020-02-25,517.6144,517.6144,517.6144,517.6144
2020-02-24,516.2031,516.2031,516.2031,516.2031
2020-02-21,514.5616,514.5616,514.5616,514.5616
2020-02-20,512.6436,512.6436,512.6436,512.6436
2020-02-19,512.7928,512.7928,512.7928,512.7928
2020-02-18,514.1407,514.1407,514.1407,514.1407
2020-02-17,513.5594,513.5594,513.5594,513.5594
2020-02-14,513.8022,513.8022,513.8022,513.8022
2020-02-13,513.4794,513.4794,513.4794,513.4794
2020-02-12,513.5717,513.5717,513.5717,513.5717
2020-02-11,514.2931,514.2931,514.2931,514.2931
2020-02-10,514.8619,514.8619,514.8619,514.8619
2020-02-07,514.5674,514.5674,514.5674,514.5674
2020-02-06,513.3907,513.3907,513.3907,513.3907
2020-02-05,513.7101,513.7101,513.7101,513.7101
2020-02-04,515.4651,515.4651,515.4651,515.4651
2020-02-03,517.1526,517.1526,517.1526,517.1526
2020-01-31,518.2026,518.2026,518.2026,518.2026
2020-01-30,516.707,516.707,516.707,516.707
2020-01-29,515.3221,515.3221,515.3221,515.3221
2020-01-28,514.4809,514.4809,514.4809,514.4809
2020-01-27,515.6337,515.6337,515.6337,515.6337
2020-01-24,513.916,513.916,513.916,513.916
2020-01-23,513.4721,513.4721,513.4721,513.4721
2020-01-22,512.471,512.471,512.471,512.471
2020-01-21,512.3263,512.3263,512.3263,512.3263
2020-01-20,510.6836,510.6836,510.6836,510.6836
2020-01-17,510.8919,510.8919,510.8919,510.8919
2020-01-16,511.6398,511.6398,511.6398,511.6398
2020-01-15,511.885,511.885,511.885,511.885
2020-01-14,510.7093,510.7093,510.7093,510.7093
2020-01-13,510.4613,510.4613,510.4613,510.4613
2020-01-10,510.9379,510.9379,510.9379,510.9379
2020-01-09,509.965,509.965,509.965,509.965
2020-01-08,510.9523,510.9523,510.9523,510.9523
2020-01-07,511.9721,511.9721,511.9721,511.9721
2020-01-06,513.3474,513.3474,513.3474,513.3474
2020-01-03,513.3938,513.3938,513.3938,513.3938
2020-01-02,512.3369,512.3369,512.3369,512.3369
2019-12-31,511.6712,511.6712,511.6712,511.6712
2019-12-30,510.9252,510.9252,510.9252,510.9252
2019-12-27,510.6635,510.6635,510.6635,510.6635
2019-12-26,508.8001,508.8001,508.8001,508.8001
2019-12-25,508.8473,508.8473,508.8473,508.8473
2019-12-24,508.6799,508.6799,508.6799,508.6799
2019-12-23,508.1707,508.1707,508.1707,508.1707
2019-12-20,508.5332,508.5332,508.5332,508.5332
2019-12-19,508.9612,508.9612,508.9612,508.9612
2019-12-18,508.9745,508.9745,508.9745,508.9745
2019-12-17,510.1273,510.1273,510.1273,510.1273
2019-12-16,509.9438,509.9438,509.9438,509.9438
2019-12-13,510.8227,510.8227,510.8227,510.8227
2019-12-12,508.5532,508.5532,508.5532,508.5532
2019-12-11,510.0889,510.0889,510.0889,510.0889
2019-12-10,509.384,509.384,509.384,509.384
2019-12-09,509.1526,509.1526,509.1526,509.1526
2019-12-06,508.357,508.357,508.357,508.357
2019-12-05,509.4392,509.4392,509.4392,509.4392
2019-12-04,509.6006,509.6006,509.6006,509.6006
2019-12-03,510.4316,510.4316,510.4316,510.4316
2019-12-02,507.7692,507.7692,507.7692,507.7692
2019-11-29,508.7047,508.7047,508.7047,508.7047
2019-11-28,508.4599,508.4599,508.4599,508.4599
2019-11-27,508.6233,508.6233,508.6233,508.6233
2019-11-26,509.1519,509.1519,509.1519,509.1519
2019-11-25,508.5148,508.5148,508.5148,508.5148
2019-11-22,508.5878,508.5878,508.5878,508.5878
2019-11-21,509.2571,509.2571,509.2571,509.2571
2019-11-20,509.6183,509.6183,509.6183,509.6183
2019-11-19,509.3162,509.3162,509.3162,509.3162
2019-11-18,509.0492,509.0492,509.0492,509.0492
2019-11-15,508.0055,508.0055,508.0055,508.0055
2019-11-14,507.5225,507.5225,507.5225,507.5225
2019-11-13,506.4411,506.4411,506.4411,506.4411
2019-11-12,505.3063,505.3063,505.3063,505.3063
2019-11-11,505.5027,505.5027,505.5027,505.5027
2019-11-08,505.4205,505.4205,505.4205,505.4205
2019-11-07,506.042,506.042,506.042,506.042
2019-11-06,508.5848,508.5848,508.5848,508.5848
2019-11-05,508.1035,508.1035,508.1035,508.1035
2019-11-04,511.0126,511.0126,511.0126,511.0126
2019-11-01,512.4097,512.4097,512.4097,512.4097
2019-10-31,512.5915,512.5915,512.5915,512.5915
2019-10-30,509.3415,509.3415,509.3415,509.3415
2019-10-29,508.7274,508.7274,508.7274,508.7274
2019-10-28,508.0721,508.0721,508.0721,508.0721
2019-10-25,509.4625,509.4625,509.4625,509.4625
2019-10-24,510.3962,510.3962,510.3962,510.3962
2019-10-23,510.213,510.213,510.213,510.213
2019-10-22,510.1345,510.1345,510.1345,510.1345
2019-10-21,509.6642,509.6642,509.6642,509.6642
2019-10-18,510.319,510.319,510.319,510.319
2019-10-17,509.8869,509.8869,509.8869,509.8869
2019-10-16,508.8316,508.8316,508.8316,508.8316
2019-10-15,508.6062,508.6062,508.6062,508.6062
2019-10-14,508.9269,508.9269,508.9269,508.9269
2019-10-11,508.7718,508.7718,508.7718,508.7718
2019-10-10,509.751,509.751,509.751,509.751
2019-10-09,511.1154,511.1154,511.1154,511.1154
2019-10-08,512.0402,512.0402,512.0402,512.0402
2019-10-07,512.623,512.623,512.623,512.623
2019-10-04,513.0557,513.0557,513.0557,513.0557
2019-10-03,512.7702,512.7702,512.7702,512.7702
2019-10-02,510.175,510.175,510.175,510.175
2019-10-01,509.0897,509.0897,509.0897,509.0897
2019-09-30,509.2007,509.2007,509.2007,509.2007
2019-09-27,509.7306,509.7306,509.7306,509.7306
2019-09-26,509.9129,509.9129,509.9129,509.9129
2019-09-25,509.6049,509.6049,509.6049,509.6049
2019-09-24,511.886,511.886,511.886,511.886
2019-09-23,510.7319,510.7319,510.7319,510.7319
2019-09-20,509.2255,509.2255,509.2255,509.2255
2019-09-19,509.3803,509.3803,509.3803,509.3803
2019-09-18,508.7137,508.7137,508.7137,508.7137
2019-09-17,507.5328,507.5328,507.5328,507.5328
2019-09-16,506.8869,506.8869,506.8869,506.8869
2019-09-13,506.6721,506.6721,506.6721,506.6721
2019-09-12,508.6406,508.6406,508.6406,508.6406
2019-09-11,508.7889,508.7889,508.7889,508.7889
2019-09-10,509.9557,509.9557,509.9557,509.9557
2019-09-09,511.977,511.977,511.977,511.977
2019-09-06,513.6817,513.6817,513.6817,513.6817
2019-09-05,512.5956,512.5956,512.5956,512.5956
2019-09-04,515.3751,515.3751,515.3751,515.3751
2019-09-03,514.7697,514.7697,514.7697,514.7697
2019-09-02,513.5329,513.5329,513.5329,513.5329
2019-08-30,514.4333,514.4333,514.4333,514.4333
2019-08-29,514.8742,514.8742,514.8742,514.8742
2019-08-28,515.8996,515.8996,515.8996,515.8996
2019-08-27,515.463,515.463,515.463,515.463
2019-08-26,514.1783,514.1783,514.1783,514.1783
2019-08-23,514.1447,514.1447,514.1447,514.1447
2019-08-22,512.2655,512.2655,512.2655,512.2655
2019-08-21,513.2792,513.2792,513.2792,513.2792
2019-08-20,513.466,513.466,513.466,513.466
2019-08-19,512.4882,512.4882,512.4882,512.4882
2019-08-16,514.0519,514.0519,514.0519,514.0519
2019-08-15,514.7637,514.7637,514.7637,514.7637
2019-08-14,513.5523,513.5523,513.5523,513.5523
2019-08-13,511.7882,511.7882,511.7882,511.7882
2019-08-12,513.1366,513.1366,513.1366,513.1366
2019-08-09,511.3659,511.3659,511.3659,511.3659
2019-08-08,511.1306,511.1306,511.1306,511.1306
2019-08-07,512.4631,512.4631,512.4631,512.4631
2019-08-06,510.1251,510.1251,510.1251,510.1251
2019-08-05,510.0874,510.0874,510.0874,510.0874
2019-08-02,507.1935,507.1935,507.1935,507.1935
2019-08-01,504.794,504.794,504.794,504.794
2019-07-31,504.1809,504.1809,504.1809,504.1809
2019-07-30,503.0906,503.0906,503.0906,503.0906
2019-07-29,503.1125,503.1125,503.1125,503.1125
2019-07-26,503.0467,503.0467,503.0467,503.0467
2019-07-25,503.826,503.826,503.826,503.826
2019-07-24,504.463,504.463,504.463,504.463
2019-07-23,503.5711,503.5711,503.5711,503.5711
2019-07-22,504.8808,504.8808,504.8808,504.8808
2019-07-19,504.6519,504.6519,504.6519,504.6519
2019-07-18,504.4382,504.4382,504.4382,504.4382
2019-07-17,503.5834,503.5834,503.5834,503.5834
2019-07-16,502.3201,502.3201,502.3201,502.3201
2019-07-15,503.2827,503.2827,503.2827,503.2827
2019-07-12,502.4014,502.4014,502.4014,502.4014
2019-07-11,502.3385,502.3385,502.3385,502.3385
2019-07-10,502.9167,502.9167,502.9167,502.9167
2019-07-09,502.6107,502.6107,502.6107,502.6107
2019-07-08,503.4332,503.4332,503.4332,503.4332
2019-07-05,503.5131,503.5131,503.5131,503.5131
2019-07-04,506.5629,506.5629,506.5629,506.5629
2019-07-03,506.4321,506.4321,506.4321,506.4321
2019-07-02,504.9447,504.9447,504.9447,504.9447
2019-07-01,504.3752,504.3752,504.3752,504.3752
2019-06-28,505.5858,505.5858,505.5858,505.5858
2019-06-27,504.7363,504.7363,504.7363,504.7363
2019-06-26,504.3838,504.3838,504.3838,504.3838
2019-06-25,505.9553,505.9553,505.9553,505.9553
2019-06-24,505.2392,505.2392,505.2392,505.2392
2019-06-21,503.2036,503.2036,503.2036,503.2036
2019-06-20,504.2544,504.2544,504.2544,504.2544
2019-06-19,500.7899,500.7899,500.7899,500.7899
2019-06-18,499.7216,499.7216,499.7216,499.7216
2019-06-17,498.5076,498.5076,498.5076,498.5076
2019-06-14,498.8569,498.8569,498.8569,498.8569
2019-06-13,499.2968,499.2968,499.2968,499.2968
2019-06-12,499.4354,499.4354,499.4354,499.4354
2019-06-11,499.2062,499.2062,499.2062,499.2062
2019-06-10,499.0456,499.0456,499.0456,499.0456
2019-06-07,500.5582,500.5582,500.5582,500.5582
2019-06-06,498.5106,498.5106,498.5106,498.5106
2019-06-05,498.1817,498.1817,498.1817,498.1817
2019-06-04,496.8844,496.8844,496.8844,496.8844
2019-06-03,496.5221,496.5221,496.5221,496.5221
2019-05-31,494.6193,494.6193,494.6193,494.6193
2019-05-30,492.0876,492.0876,492.0876,492.0876
2019-05-29,492.5004,492.5004,492.5004,492.5004
2019-05-28,492.2292,492.2292,492.2292,492.2292
2019-05-27,491.7674,491.7674,491.7674,491.7674
2019-05-24,491.9008,491.9008,491.9008,491.9008
2019-05-23,490.9514,490.9514,490.9514,490.9514
2019-05-22,489.2172,489.2172,489.2172,489.2172
2019-05-21,488.942,488.942,488.942,488.942
2019-05-20,489.4526,489.4526,489.4526,489.4526
2019-05-17,489.7952,489.7952,489.7952,489.7952
2019-05-16,490.0736,490.0736,490.0736,490.0736
2019-05-15,490.8703,490.8703,490.8703,490.8703
2019-05-14,490.257,490.257,490.257,490.257
2019-05-13,491.1037,491.1037,491.1037,491.1037
2019-05-10,490.3419,490.3419,490.3419,490.3419
2019-05-09,490.0792,490.0792,490.0792,490.0792
2019-05-08,489.42,489.42,489.42,489.42
2019-05-07,489.4497,489.4497,489.4497,489.4497
2019-05-06,488.3299,488.3299,488.3299,488.3299
2019-05-03,487.7703,487.7703,487.7703,487.7703
2019-05-02,487.0868,487.0868,487.0868,487.0868
2019-05-01,488.8044,488.8044,488.8044,488.8044
2019-04-30,488.0109,488.0109,488.0109,488.0109
2019-04-29,486.7951,486.7951,486.7951,486.7951
2019-04-26,487.2946,487.2946,487.2946,487.2946
2019-04-25,486.3025,486.3025,486.3025,486.3025
2019-04-24,487.2149,487.2149,487.2149,487.2149
2019-04-23,486.0967,486.0967,486.0967,486.0967
2019-04-22,486.6255,486.6255,486.6255,486.6255
2019-04-19,486.9907,486.9907,486.9907,486.9907
2019-04-18,487.0692,487.0692,487.0692,487.0692
2019-04-17,486.8262,486.8262,486.8262,486.8262
2019-04-16,487.0945,487.0945,487.0945,487.0945
2019-04-15,487.7588,487.7588,487.7588,487.7588
2019-04-12,487.8967,487.8967,487.8967,487.8967
2019-04-11,488.724,488.724,488.724,488.724
2019-04-10,489.2303,489.2303,489.2303,489.2303
2019-04-09,488.6029,488.6029,488.6029,488.6029
2019-04-08,487.8833,487.8833,487.8833,487.8833
2019-04-05,487.1041,487.1041,487.1041,487.1041
2019-04-04,487.1913,487.1913,487.1913,487.1913
2019-04-03,487.4283,487.4283,487.4283,487.4283
2019-04-02,487.6044,487.6044,487.6044,487.6044
2019-04-01,487.9164,487.9164,487.9164,487.9164
2019-03-29,489.4602,489.4602,489.4602,489.4602
2019-03-28,489.9807,489.9807,489.9807,489.9807
2019-03-27,490.6091,490.6091,490.6091,490.6091
2019-03-26,490.0748,490.0748,490.0748,490.0748
2019-03-25,490.9115,490.9115,490.9115,490.9115
2019-03-22,490.1083,490.1083,490.1083,490.1083
2019-03-21,488.1873,488.1873,488.1873,488.1873
2019-03-20,487.066,487.066,487.066,487.066
2019-03-19,486.2579,486.2579,486.2579,486.2579
2019-03-18,486.0477,486.0477,486.0477,486.0477
2019-03-15,485.4767,485.4767,485.4767,485.4767
2019-03-14,484.6479,484.6479,484.6479,484.6479
2019-03-13,485.1911,485.1911,485.1911,485.1911
2019-03-12,484.4679,484.4679,484.4679,484.4679
2019-03-11,483.398,483.398,483.398,483.398
2019-03-08,483.4036,483.4036,483.4036,483.4036
2019-03-07,483.1097,483.1097,483.1097,483.1097
2019-03-06,482.662,482.662,482.662,482.662
2019-03-05,481.5663,481.5663,481.5663,481.5663
2019-03-04,481.8395,481.8395,481.8395,481.8395
2019-03-01,482.215,482.215,482.215,482.215
2019-02-28,483.4082,483.4082,483.4082,483.4082
2019-02-27,484.0353,484.0353,484.0353,484.0353
2019-02-26,484.7054,484.7054,484.7054,484.7054
2019-02-25,483.9493,483.9493,483.9493,483.9493
2019-02-22,483.9318,483.9318,483.9318,483.9318
2019-02-21,483.4003,483.4003,483.4003,483.4003
2019-02-20,484.0151,484.0151,484.0151,484.0151
2019-02-19,483.801,483.801,483.801,483.801
2019-02-18,482.8953,482.8953,482.8953,482.8953
2019-02-15,482.1927,482.1927,482.1927,482.1927
2019-02-14,482.0007,482.0007,482.0007,482.0007
2019-02-13,481.6461,481.6461,481.6461,481.6461
2019-02-12,482.13,482.13,482.13,482.13
2019-02-11,482.2422,482.2422,482.2422,482.2422
2019-02-08,483.8571,483.8571,483.8571,483.8571
2019-02-07,483.7439,483.7439,483.7439,483.7439
2019-02-06,483.5088,483.5088,483.5088,483.5088
2019-02-05,483.7814,483.7814,483.7814,483.7814
2019-02-04,483.5224,483.5224,483.5224,483.5224
2019-02-01,484.99,484.99,484.99,484.99
2019-01-31,486.2068,486.2068,486.2068,486.2068
2019-01-30,483.3393,483.3393,483.3393,483.3393
2019-01-29,483.1108,483.1108,483.1108,483.1108
2019-01-28,482.9563,482.9563,482.9563,482.9563
2019-01-25,482.0625,482.0625,482.0625,482.0625
2019-01-24,481.5119,481.5119,481.5119,481.5119
2019-01-23,480.6898,480.6898,480.6898,480.6898
2019-01-22,480.3982,480.3982,480.3982,480.3982
2019-01-21,479.4932,479.4932,479.4932,479.4932
2019-01-18,479.5077,479.5077,479.5077,479.5077
2019-01-17,480.2966,480.2966,480.2966,480.2966
2019-01-16,480.7738,480.7738,480.7738,480.7738
2019-01-15,481.4301,481.4301,481.4301,481.4301
2019-01-14,481.9055,481.9055,481.9055,481.9055
2019-01-11,481.7176,481.7176,481.7176,481.7176
2019-01-10,481.7554,481.7554,481.7554,481.7554
2019-01-09,481.5319,481.5319,481.5319,481.5319
2019-01-08,480.1381,480.1381,480.1381,480.1381
2019-01-07,481.2427,481.2427,481.2427,481.2427
2019-01-04,480.9003,480.9003,480.9003,480.9003
2019-01-03,481.8036,481.8036,481.8036,481.8036
2019-01-02,478.896,478.896,478.896,478.896
2018-12-31,478.9153,478.9153,478.9153,478.9153
2018-12-28,477.7769,477.7769,477.7769,477.7769
2018-12-27,476.8359,476.8359,476.8359,476.8359
2018-12-26,476.9565,476.9565,476.9565,476.9565
2018-12-25,477.3449,477.3449,477.3449,477.3449
2018-12-24,477.1491,477.1491,477.1491,477.1491
2018-12-21,476.1042,476.1042,476.1042,476.1042
2018-12-20,476.3024,476.3024,476.3024,476.3024
2018-12-19,476.1489,476.1489,476.1489,476.1489
2018-12-18,474.4909,474.4909,474.4909,474.4909
2018-12-17,473.2442,473.2442,473.2442,473.2442
2018-12-14,472.0154,472.0154,472.0154,472.0154
2018-12-13,472.0351,472.0351,472.0351,472.0351
2018-12-12,472.5545,472.5545,472.5545,472.5545
2018-12-11,472.0004,472.0004,472.0004,472.0004
2018-12-10,473.1414,473.1414,473.1414,473.1414
2018-12-07,473.5227,473.5227,473.5227,473.5227
2018-12-06,473.339,473.339,473.339,473.339
2018-12-05,471.7748,471.7748,471.7748,471.7748
2018-12-04,472.1748,472.1748,472.1748,472.1748
2018-12-03,470.5271,470.5271,470.5271,470.5271
2018-11-30,469.4245,469.4245,469.4245,469.4245
2018-11-29,470.2915,470.2915,470.2915,470.2915
2018-11-28,467.8359,467.8359,467.8359,467.8359
2018-11-27,468.1805,468.1805,468.1805,468.1805
2018-11-26,468.9307,468.9307,468.9307,468.9307
2018-11-23,469.5319,469.5319,469.5319,469.5319
2018-11-22,469.8444,469.8444,469.8444,469.8444
2018-11-21,469.4248,469.4248,469.4248,469.4248
2018-11-20,469.899,469.899,469.899,469.899
2018-11-19,470.7523,470.7523,470.7523,470.7523
2018-11-16,469.8268,469.8268,469.8268,469.8268
2018-11-15,468.0497,468.0497,468.0497,468.0497
2018-11-14,467.5994,467.5994,467.5994,467.5994
2018-11-13,467.1278,467.1278,467.1278,467.1278
2018-11-12,466.586,466.586,466.586,466.586
2018-11-09,467.9583,467.9583,467.9583,467.9583
2018-11-08,468.4102,468.4102,468.4102,468.4102
2018-11-07,469.6197,469.6197,469.6197,469.6197
2018-11-06,468.6349,468.6349,468.6349,468.6349
2018-11-05,468.6788,468.6788,468.6788,468.6788
2018-11-02,468.1315,468.1315,468.1315,468.1315
2018-11-01,469.3286,469.3286,469.3286,469.3286
2018-10-31,467.9611,467.9611,467.9611,467.9611
2018-10-30,468.969,468.969,468.969,468.969
2018-10-29,470.1202,470.1202,470.1202,470.1202
